<?xml version="1.0" encoding="utf-8"?>
<Project>
	<TemplateObjectList>
		<TemplateObject objectName="攻击者" id="0" isTemp="false"/>
		<TemplateObject objectName="target" id="1" isTemp="false"/>
	</TemplateObjectList>
	<RefParamList/>
	<Action tag="" length="9.000" loop="false">
		<Track trackName="SetObjectDirectionTick0" eventType="SetObjectDirectionTick" guid="2b767094-bee5-4ffd-807c-e2759b06b84e" enabled="true" useRefParam="false" refParamName="" r="0.000" g="0.433" b="1.000" execOnForceStopped="false" execOnActionCompleted="false" stopAfterLastEvent="true">
			<Event eventName="SetObjectDirectionTick" time="0.000" isDuration="false">
				<TemplateObject name="targetId" objectName="攻击者" id="0" isTemp="false" refParamName="" useRefParam="false"/>
				<int name="rotationY" value="50" refParamName="" useRefParam="false"/>
				<bool name="bFlipByCamera" value="true" refParamName="" useRefParam="false"/>
			</Event>
		</Track>
		<Track trackName="SetObjectDirectionTick0" eventType="SetObjectDirectionTick" guid="b781bec7-a0a4-47ea-b14f-22a5487ab7f6" enabled="false" useRefParam="false" refParamName="" r="0.000" g="0.600" b="1.000" execOnForceStopped="false" execOnActionCompleted="false" stopAfterLastEvent="true">
			<Event eventName="SetObjectDirectionTick" time="7.000" isDuration="false">
				<TemplateObject name="targetId" objectName="攻击者" id="0" isTemp="false" refParamName="" useRefParam="false"/>
				<int name="rotationY" value="150" refParamName="" useRefParam="false"/>
				<bool name="bFlipByCamera" value="true" refParamName="" useRefParam="false"/>
			</Event>
		</Track>
	</Action>
</Project>

