<?xml version="1.0" encoding="utf-8"?>
<Project>
	<TemplateObjectList>
		<TemplateObject objectName="self" id="0" isTemp="false"/>
		<TemplateObject objectName="target" id="1" isTemp="false"/>
		<TemplateObject objectName="bullet" id="2" isTemp="true"/>
	</TemplateObjectList>
	<RefParamList>
		<Vector3i name="targetdir" x="0" y="0" z="0" refParamName="" useRefParam="false"/>
	</RefParamList>
	<Action tag="" length="60.100" loop="false">
		<Track trackName="RegisterEventDuration0" eventType="RegisterEventDuration" guid="9a687664-74a6-4c60-ad7e-3ed8b64323aa" enabled="true" useRefParam="false" refParamName="" r="0.783" g="0.000" b="1.000" execOnForceStopped="false" execOnActionCompleted="false" stopAfterLastEvent="true">
			<Event eventName="RegisterEventDuration" time="0.000" length="60.000" isDuration="true">
				<TemplateObject name="targetId" objectName="target" id="1" isTemp="false" refParamName="" useRefParam="false"/>
				<String name="AgeName" value="Prefab_Characters/Prefab_Hero/commonresource/TestPointBuff5" refParamName="" useRefParam="false"/>
				<int name="TriggerCount" value="0" refParamName="" useRefParam="false"/>
				<String name="EventName" value="" refParamName="" useRefParam="false"/>
				<Enum name="EventType1" value="12" refParamName="" useRefParam="false">
					<uint name="无"/>
					<uint name="击杀英雄"/>
					<uint name="助攻"/>
					<uint name="死亡"/>
					<uint name="复活"/>
					<uint name="受到伤害"/>
					<uint name="免疫伤害"/>
					<uint name="反弹伤害"/>
					<uint name="所处地形变化"/>
					<uint name="免疫控制"/>
					<uint name="受到控制"/>
					<uint name="进入战斗"/>
					<uint name="退出战斗"/>
				</Enum>
				<Enum name="EventType2" value="0" refParamName="" useRefParam="false">
					<uint name="无"/>
					<uint name="击杀英雄"/>
					<uint name="助攻"/>
					<uint name="死亡"/>
					<uint name="复活"/>
					<uint name="受到伤害"/>
					<uint name="免疫伤害"/>
					<uint name="反弹伤害"/>
					<uint name="所处地形变化"/>
					<uint name="免疫控制"/>
					<uint name="受到控制"/>
					<uint name="进入战斗"/>
					<uint name="退出战斗"/>
				</Enum>
				<Array name="AreaTags" refParamName="" useRefParam="false" type="String"/>
				<Array name="AreaPriority" refParamName="" useRefParam="false" type="int"/>
				<bool name="bListenAllBuff" value="true" refParamName="" useRefParam="false"/>
				<bool name="bHitFly" value="true" refParamName="" useRefParam="false"/>
				<bool name="bSlowDown" value="true" refParamName="" useRefParam="false"/>
				<bool name="bStun" value="true" refParamName="" useRefParam="false"/>
				<bool name="bFrozen" value="true" refParamName="" useRefParam="false"/>
				<bool name="bSlient" value="true" refParamName="" useRefParam="false"/>
				<bool name="bStone" value="true" refParamName="" useRefParam="false"/>
				<bool name="bTaunt" value="true" refParamName="" useRefParam="false"/>
				<bool name="bFear" value="true" refParamName="" useRefParam="false"/>
				<bool name="bHitBack" value="true" refParamName="" useRefParam="false"/>
			</Event>
		</Track>
		<Track trackName="RegisterEventDuration0" eventType="RegisterEventDuration" guid="667bcc70-7177-4e61-9c3c-59d7d2885806" enabled="true" useRefParam="false" refParamName="" r="0.000" g="1.000" b="0.750" execOnForceStopped="false" execOnActionCompleted="false" stopAfterLastEvent="true">
			<Event eventName="RegisterEventDuration" time="0.000" length="60.000" isDuration="true">
				<TemplateObject name="targetId" objectName="target" id="1" isTemp="false" refParamName="" useRefParam="false"/>
				<String name="AgeName" value="Prefab_Characters/Prefab_Hero/commonresource/TestPointBuff4" refParamName="" useRefParam="false"/>
				<int name="TriggerCount" value="0" refParamName="" useRefParam="false"/>
				<String name="EventName" value="" refParamName="" useRefParam="false"/>
				<Enum name="EventType1" value="11" refParamName="" useRefParam="false">
					<uint name="无"/>
					<uint name="击杀英雄"/>
					<uint name="助攻"/>
					<uint name="死亡"/>
					<uint name="复活"/>
					<uint name="受到伤害"/>
					<uint name="免疫伤害"/>
					<uint name="反弹伤害"/>
					<uint name="所处地形变化"/>
					<uint name="免疫控制"/>
					<uint name="受到控制"/>
					<uint name="进入战斗"/>
					<uint name="退出战斗"/>
				</Enum>
				<Enum name="EventType2" value="0" refParamName="" useRefParam="false">
					<uint name="无"/>
					<uint name="击杀英雄"/>
					<uint name="助攻"/>
					<uint name="死亡"/>
					<uint name="复活"/>
					<uint name="受到伤害"/>
					<uint name="免疫伤害"/>
					<uint name="反弹伤害"/>
					<uint name="所处地形变化"/>
					<uint name="免疫控制"/>
					<uint name="受到控制"/>
					<uint name="进入战斗"/>
					<uint name="退出战斗"/>
				</Enum>
				<Array name="AreaTags" refParamName="" useRefParam="false" type="String"/>
				<Array name="AreaPriority" refParamName="" useRefParam="false" type="int"/>
				<bool name="bListenAllBuff" value="true" refParamName="" useRefParam="false"/>
				<bool name="bHitFly" value="true" refParamName="" useRefParam="false"/>
				<bool name="bSlowDown" value="true" refParamName="" useRefParam="false"/>
				<bool name="bStun" value="true" refParamName="" useRefParam="false"/>
				<bool name="bFrozen" value="true" refParamName="" useRefParam="false"/>
				<bool name="bSlient" value="true" refParamName="" useRefParam="false"/>
				<bool name="bStone" value="true" refParamName="" useRefParam="false"/>
				<bool name="bTaunt" value="true" refParamName="" useRefParam="false"/>
				<bool name="bFear" value="true" refParamName="" useRefParam="false"/>
				<bool name="bHitBack" value="true" refParamName="" useRefParam="false"/>
			</Event>
		</Track>
		<Track trackName="RemoveBuffTick0" eventType="RemoveBuffTick" guid="592baeeb-9686-4bbc-ac91-198d2b20dfe5" enabled="true" useRefParam="false" refParamName="" r="0.317" g="1.000" b="0.000" execOnForceStopped="false" execOnActionCompleted="false" stopAfterLastEvent="true">
			<Event eventName="RemoveBuffTick" time="60.000" isDuration="false">
				<TemplateObject name="targetId" objectName="target" id="1" isTemp="false" refParamName="" useRefParam="false"/>
				<int name="buffId" value="902132" refParamName="" useRefParam="false"/>
			</Event>
		</Track>
	</Action>
</Project>

