<?xml version="1.0" encoding="utf-8"?>
<Project>
	<TemplateObjectList>
		<TemplateObject objectName="self" id="0" isTemp="false"/>
		<TemplateObject objectName="target" id="1" isTemp="false"/>
	</TemplateObjectList>
	<RefParamList/>
	<Action tag="" length="600.000" loop="false">
		<Track trackName="MoveBeamDuration0" eventType="MoveBeamDuration" guid="be1a32ed-faf0-4b33-a27d-c40dec6be896" enabled="true" useRefParam="false" refParamName="" r="0.533" g="1.000" b="0.000" execOnForceStopped="false" execOnActionCompleted="false" stopAfterLastEvent="true">
			<Event eventName="MoveBeamDuration" time="0.000" length="600.000" isDuration="true">
				<TemplateObject name="sourceId" objectName="self" id="0" isTemp="false" refParamName="" useRefParam="false"/>
				<TemplateObject name="targetId" objectName="target" id="1" isTemp="false" refParamName="" useRefParam="false"/>
				<String name="resourceName" value="Prefab_Skill_Effects/Level_Effects/Wujun/Daqiao_buff04_spell01" refParamName="" useRefParam="false"/>
				<Vector3i name="bindPosOffset" x="0" y="250" z="0" refParamName="" useRefParam="false"/>
				<Vector3i name="bindDestOffet" x="0" y="250" z="0" refParamName="" useRefParam="false"/>
				<float name="textureScale" value="0.050" refParamName="" useRefParam="false"/>
				<float name="beamWidth" value="1.200" refParamName="" useRefParam="false"/>
				<bool name="bRealTimeRefresh" value="true" refParamName="" useRefParam="false"/>
				<String name="bindPointName" value="" refParamName="" useRefParam="false"/>
				<bool name="bSetColor" value="true" refParamName="" useRefParam="false"/>
				<Vector3i name="ColorRGB" x="245" y="213" z="62" refParamName="" useRefParam="false"/>
				<bool name="bOptimizeRender" value="false" refParamName="" useRefParam="false"/>
			</Event>
		</Track>
	</Action>
</Project>

