<?xml version="1.0" encoding="utf-8"?>
<Project>
	<TemplateObjectList>
		<TemplateObject objectName="self" id="0" isTemp="false"/>
		<TemplateObject objectName="target" id="1" isTemp="false"/>
	</TemplateObjectList>
	<RefParamList>
		<Vector3i name="_BulletDir" x="0" y="0" z="0" refParamName="" useRefParam="false"/>
	</RefParamList>
	<Action tag="" length="1.000" loop="false">
		<Track trackName="SetVisibility1" eventType="SetVisibility" guid="03c4dc68-603a-4b37-8e08-8777de630156" enabled="true" useRefParam="false" refParamName="" r="0.000" g="0.633" b="1.000" execOnForceStopped="false" execOnActionCompleted="false" stopAfterLastEvent="true">
			<Event eventName="SetVisibility" time="0.000" isDuration="false">
				<TemplateObject name="targetId" objectName="target" id="1" isTemp="false" refParamName="" useRefParam="false"/>
				<bool name="enabled" value="false" refParamName="" useRefParam="false"/>
				<Array name="excludeMeshes" refParamName="" useRefParam="false" type="String"/>
			</Event>
		</Track>
	</Action>
</Project>

